,Cloudly,Partly cloudly,Clear sky,accuracy,macro avg,weighted avg
precision,0.8583333333333333,0.4067796610169492,0.5229357798165137,0.6388888888888888,0.5960162580555987,0.656397753467003
recall,0.7202797202797203,0.2926829268292683,0.9047619047619048,0.6388888888888888,0.6392415172902978,0.6388888888888888
f1-score,0.7832699619771862,0.3404255319148936,0.6627906976744184,0.6388888888888888,0.5954953971888327,0.6308274726848864
support,143.0,82.0,63.0,0.6388888888888888,288.0,288.0
