,Cloudly,Partly cloudly,Clear sky,accuracy,macro avg,weighted avg
precision,0.9304347826086956,0.5252525252525253,0.7027027027027027,0.7326388888888888,0.7194633368546413,0.7652539974097946
recall,0.7482517482517482,0.6341463414634146,0.8253968253968254,0.7326388888888888,0.7359316383706628,0.7326388888888888
f1-score,0.8294573643410852,0.5745856353591161,0.7591240875912408,0.7326388888888888,0.721055695763814,0.7415043149946906
support,143.0,82.0,63.0,0.7326388888888888,288.0,288.0
