,Cloudly,Partly cloudly,Clear sky,accuracy,macro avg,weighted avg
precision,0.9035087719298246,0.5272727272727272,0.71875,0.71875,0.7165104997341839,0.7559700278553074
recall,0.7202797202797203,0.7073170731707317,0.7301587301587301,0.71875,0.7192518412030607,0.71875
f1-score,0.8015564202334631,0.6041666666666666,0.7244094488188977,0.71875,0.7100441785730092,0.7284792709570919
support,143.0,82.0,63.0,0.71875,288.0,288.0
