,Cloudly,Partly cloudly,Clear sky,accuracy,macro avg,weighted avg
precision,0.8846153846153846,0.5288461538461539,0.7222222222222222,0.7256944444444444,0.7118945868945868,0.7477964743589743
recall,0.8041958041958042,0.6707317073170732,0.6190476190476191,0.7256944444444444,0.6979917101868321,0.7256944444444444
f1-score,0.8424908424908425,0.5913978494623656,0.6666666666666666,0.7256944444444444,0.7001851195399582,0.7325375490698072
support,143.0,82.0,63.0,0.7256944444444444,288.0,288.0
