loss,accuracy,val_loss,val_accuracy
54.362056732177734,0.3843750059604645,7.39195442199707,0.3177570104598999
11.410612106323242,0.41874998807907104,1.5370887517929077,0.35514017939567566
2.896165132522583,0.37291666865348816,1.1015205383300781,0.32710281014442444
1.6312012672424316,0.44999998807907104,1.107640266418457,0.30841121077537537
1.4137935638427734,0.48124998807907104,1.1146998405456543,0.30841121077537537
1.2598365545272827,0.484375,1.1229679584503174,0.30841121077537537
1.4287030696868896,0.4781250059604645,1.1319419145584106,0.30841121077537537
1.3289824724197388,0.4833333194255829,1.1419261693954468,0.30841121077537537
1.1468154191970825,0.4885416626930237,1.1505451202392578,0.30841121077537537
1.0998259782791138,0.4885416626930237,1.1595288515090942,0.30841121077537537
1.0519425868988037,0.4895833432674408,1.1666303873062134,0.30841121077537537
1.1443403959274292,0.48229166865348816,1.1732300519943237,0.30841121077537537
1.0925195217132568,0.48750001192092896,1.1807664632797241,0.30841121077537537
1.1563407182693481,0.4885416626930237,1.186516284942627,0.30841121077537537
1.035656452178955,0.4854166805744171,1.1919395923614502,0.30841121077537537
1.0143166780471802,0.4895833432674408,1.1960772275924683,0.30841121077537537
1.0488423109054565,0.4885416626930237,1.1996960639953613,0.30841121077537537
1.1107127666473389,0.4947916567325592,1.2028133869171143,0.30841121077537537
1.0326886177062988,0.48750001192092896,1.2063227891921997,0.30841121077537537
1.0232130289077759,0.4895833432674408,1.2091928720474243,0.30841121077537537
1.061586618423462,0.4885416626930237,1.2126398086547852,0.30841121077537537
1.0443204641342163,0.49166667461395264,1.214103102684021,0.30841121077537537
1.0235036611557007,0.48750001192092896,1.2166236639022827,0.30841121077537537
