,Cloudly,Partly cloudly,Clear sky,accuracy,macro avg,weighted avg
precision,0.8923076923076924,0.48175182481751827,0.7619047619047619,0.6875,0.7119880930099908,0.7468876723438768
recall,0.8111888111888111,0.8048780487804879,0.25396825396825395,0.6875,0.6233450379791843,0.6875
f1-score,0.8498168498168499,0.6027397260273972,0.38095238095238093,0.6875,0.6111696522655427,0.6769043995071393
support,143.0,82.0,63.0,0.6875,288.0,288.0
