,Cloudly,Partly cloudly,Clear sky,accuracy,macro avg,weighted avg
precision,0.6308724832214765,0.41007194244604317,0.0,0.5243055555555556,0.3469814752225065,0.4300023068793288
recall,0.6573426573426573,0.6951219512195121,0.0,0.5243055555555556,0.4508215361873898,0.5243055555555555
f1-score,0.6438356164383561,0.5158371040723982,0.0,0.5243055555555556,0.3865575735035847,0.4665525544604916
support,143.0,82.0,63.0,0.5243055555555556,288.0,288.0
