,Cloudly,Partly cloudly,Clear sky,accuracy,macro avg,weighted avg
precision,0.8260869565217391,0.4083333333333333,0.5849056603773585,0.6076388888888888,0.6064419834108103,0.6543848080545681
recall,0.6643356643356644,0.5975609756097561,0.49206349206349204,0.6076388888888888,0.5846533773363042,0.6076388888888888
f1-score,0.7364341085271319,0.48514851485148514,0.5344827586206896,0.6076388888888888,0.5853551273331021,0.6207106580913371
support,143.0,82.0,63.0,0.6076388888888888,288.0,288.0
