,Cloudly,Partly cloudly,Clear sky,accuracy,macro avg,weighted avg
precision,0.9456521739130435,0.3915343915343915,0.5714285714285714,0.5729166666666666,0.6362050456253355,0.7060211144978656
recall,0.6083916083916084,0.9024390243902439,0.06349206349206349,0.5729166666666666,0.5247742320913052,0.5729166666666666
f1-score,0.7404255319148938,0.5461254612546125,0.11428571428571427,0.5729166666666666,0.4669455691517402,0.5481358989121806
support,143.0,82.0,63.0,0.5729166666666666,288.0,288.0
