Central tendency,Nublado,Medio nublado,Despejado
count,646.0,450.0,259.0
mean,554.3320795801295,410.0037379141024,352.73654163623524
std,132.8115807407423,106.21789277107746,113.9430962966013
min,223.82329337290295,192.9173036874051,163.88354670537518
25%,462.86376810172226,322.8595948175496,258.3407754826783
50%,552.8857527201039,418.8903258148289,346.95489182907727
75%,640.3459692143133,485.99469368982466,423.4937240725982
max,1044.9709524073576,689.8273053560628,659.8249753823648
