Central tendency,Nublado,Medio nublado,Despejado
count,646.0,450.0,259.0
mean,0.42016369931987657,0.6503918443942883,1.1267833732738473
std,0.5041853720461257,0.7815799826189617,1.146670557050376
min,0.04819859572488368,0.0731922952407063,0.3625615528042964
25%,0.23903284110183234,0.41152349346690054,0.5346366077806146
50%,0.342896173553476,0.5037830111417129,0.6022308225207156
75%,0.4382084932244822,0.5580631084880693,1.0296805170398369
max,7.147958799303556,11.204092828477924,5.722877697053817
