,Cloudly,Partly cloudly,Clear sky,accuracy,macro avg,weighted avg
RS ratio precision,0.978494623655914,0.44025157232704404,0.7222222222222222,0.6493055555555556,0.7136561394017268,0.7691852781722684
RS ratio recall,0.6363636363636364,0.8536585365853658,0.4126984126984127,0.6493055555555556,0.634240195215805,0.6493055555555556
RS ratio f1-score,0.7711864406779662,0.5809128630705395,0.5252525252525252,0.6493055555555556,0.6257839430003437,0.6632132808320921
