,Cloudly,Partly cloudly,Clear sky,accuracy,macro avg,weighted avg
RS ratio precision,0.978021978021978,0.43478260869565216,0.7222222222222222,0.6423611111111112,0.7116756029799508,0.7673934610075914
RS ratio recall,0.6223776223776224,0.8536585365853658,0.4126984126984127,0.6423611111111112,0.6295781905538003,0.6423611111111112
RS ratio f1-score,0.7606837606837606,0.5761316872427984,0.5252525252525252,0.6423611111111112,0.620689324393028,0.6566371014673484
